{
  "execPath": "/Users/mckelvey/.platformio/packages/toolchain-gccarmnoneeabi/bin/arm-none-eabi-g++",
  "gccDefaultCFlags": "-fsyntax-only -g -ffunction-sections -fdata-sections -Wall -mthumb -nostdlib -mcpu=cortex-m4 -mfpu=fpv4-sp-d16 -mfloat-abi=softfp --specs=nano.specs -fsingle-precision-constant -Wdouble-promotion -O3 -Wno-double-promotion -DF_CPU=168000000L -DSTM32F407XX -DPLATFORMIO=030100 -DSTM32F4 -DSTM32F407xx -DSTM32F40_41xxx -DUSE_STDPERIPH_DRIVER -DHSE_VALUE=8000000ULL -DARM_MATH_CM4 -D__FPU_PRESENT -Dprintf=printfn",
  "gccDefaultCppFlags": "-fsyntax-only -fno-rtti -fno-exceptions -g -ffunction-sections -fdata-sections -Wall -mthumb -nostdlib -mcpu=cortex-m4 -mfpu=fpv4-sp-d16 -mfloat-abi=softfp --specs=nano.specs -fsingle-precision-constant -Wdouble-promotion -O3 -Wno-double-promotion -DF_CPU=168000000L -DSTM32F407XX -DPLATFORMIO=030100 -DSTM32F4 -DSTM32F407xx -DSTM32F40_41xxx -DUSE_STDPERIPH_DRIVER -DHSE_VALUE=8000000ULL -DARM_MATH_CM4 -D__FPU_PRESENT -Dprintf=printfn",
  "gccErrorLimit": 15,
  "gccIncludePaths": "/Users/mckelvey/Documents/workspace5/asp_proj_master/src/backend/CMSIS/Include,/Users/mckelvey/.platformio/packages/framework-spl/stm32/cmsis/cores/stm32,/Users/mckelvey/.platformio/packages/framework-spl/stm32/cmsis/variants/stm32f4,/Users/mckelvey/.platformio/packages/framework-spl/stm32/spl/variants/stm32f4/inc,/Users/mckelvey/.platformio/packages/framework-spl/stm32/spl/variants/stm32f4/src,/Users/mckelvey/Documents/workspace5/asp_proj_master/src,/Users/mckelvey/.platformio/packages/toolchain-gccarmnoneeabi/arm-none-eabi/include,/Users/mckelvey/.platformio/packages/toolchain-gccarmnoneeabi/lib/gcc/arm-none-eabi/4.8.4/include,/Users/mckelvey/.platformio/packages/toolchain-gccarmnoneeabi/lib/gcc/arm-none-eabi/4.8.4/include-fixed",
  "gccSuppressWarnings": false
}
